country,year,region,happiness_rank,happiness_score,standard_error,economy_gdp_per_capita,family,health_life_expectancy,freedom,trust_government_corruption,generosity,dystopia_residual,lower_confidence_interval,upper_confidence_interval,Region,Population (millions),HDI,GDP per Capita,Cropland Footprint,Grazing Footprint,Forest Footprint,Carbon Footprint,Fish Footprint,Total Ecological Footprint,Cropland,Grazing Land,Forest Land,Fishing Water,Urban Land,Total Biocapacity,Biocapacity Deficit or Reserve,Earths Required,Countries Required,Data Quality
Afghanistan,2016,Southern Asia,154,3.36,NA,0.38227,0.11037,0.17344,0.1643,0.07112,0.31268,2.14558,3.288,3.432,Middle East/Central Asia,29.82,0.46,$614.66,0.3,0.2,0.08,0.18,0,0.79,0.24,0.2,0.02,0,0.04,0.5,-0.3,0.46,1.6,6
Albania,2016,Central and Eastern Europe,109,4.655,NA,0.9553,0.50163,0.73007,0.31866,0.05301,0.1684,1.92816,4.546,4.764,Northern/Eastern Europe,3.16,0.73,"$4,534.37",0.78,0.22,0.25,0.87,0.02,2.21,0.55,0.21,0.29,0.07,0.06,1.18,-1.03,1.27,1.87,6
Algeria,2016,Middle East and Northern Africa,38,6.355,NA,1.05266,0.83309,0.61804,0.21006,0.16157,0.07044,3.40904,6.227,6.483,Africa,38.48,0.73,"$5,430.57",0.6,0.16,0.17,1.14,0.01,2.12,0.24,0.27,0.03,0.01,0.03,0.59,-1.53,1.22,3.61,5
Angola,2016,Sub-Saharan Africa,141,3.866,NA,0.84731,0.66366,0.04991,0.00589,0.08434,0.12071,2.09459,3.753,3.979,Africa,20.82,0.52,"$4,665.91",0.33,0.15,0.12,0.2,0.09,0.93,0.2,1.42,0.64,0.26,0.04,2.55,1.61,0.54,0.37,6
Argentina,2016,Latin America and Caribbean,26,6.65,NA,1.15137,1.06612,0.69711,0.42284,0.07296,0.10989,3.12985,6.56,6.74,Latin America,41.09,0.83,"$13,540.00",0.78,0.79,0.29,1.08,0.1,3.14,2.64,1.86,0.66,1.67,0.1,6.92,3.78,1.82,0.45,6
Armenia,2016,Central and Eastern Europe,121,4.36,NA,0.86086,0.62477,0.64083,0.14037,0.03616,0.07793,1.97864,4.266,4.454,Middle East/Central Asia,2.97,0.73,"$3,426.39",0.74,0.18,0.34,0.89,0.01,2.23,0.44,0.26,0.1,0.02,0.07,0.89,-1.35,1.29,2.52,3B
Australia,2016,Australia and New Zealand,9,7.313,NA,1.44443,1.10476,0.8512,0.56837,0.32331,0.47407,2.5465,7.241,7.385,Asia-Pacific,23.05,0.93,"$66,604.20",2.68,0.63,0.89,4.85,0.11,9.31,5.42,5.81,2.01,3.19,0.14,16.57,7.26,5.37,0.56,5
Austria,2016,Western Europe,12,7.119,NA,1.45038,1.08383,0.80565,0.54355,0.21348,0.32865,2.69343,7.045,7.193,European Union,8.46,0.88,"$51,274.10",0.82,0.27,0.63,4.14,0.06,6.06,0.71,0.16,2.04,0,0.15,3.07,-3,3.5,1.98,5
Azerbaijan,2016,Central and Eastern Europe,81,5.291,NA,1.12373,0.76042,0.54504,0.35327,0.17914,0.0564,2.2735,5.226,5.356,Middle East/Central Asia,9.31,0.75,"$7,106.04",0.66,0.22,0.11,1.25,0.01,2.31,0.46,0.2,0.11,0.02,0.06,0.85,-1.46,1.33,2.72,6
Bahrain,2016,Middle East and Northern Africa,42,6.218,NA,1.44024,0.94397,0.65696,0.47375,0.25772,0.17147,2.27405,6.128,6.308,Middle East/Central Asia,1.32,0.82,"$24,299.00",0.52,0.45,0.16,6.19,0.07,7.49,0.01,0,0,0.46,0.1,0.58,-6.91,4.33,12.96,3L
Bangladesh,2016,Southern Asia,110,4.643,NA,0.54177,0.24749,0.52989,0.39778,0.12583,0.19132,2.60904,4.56,4.726,Asia-Pacific,154.7,0.56,$857.50,0.29,0,0.08,0.26,0.02,0.72,0.25,0,0,0.05,0.07,0.38,-0.35,0.42,1.92,6
Belarus,2016,Central and Eastern Europe,61,5.802,NA,1.13062,1.04993,0.63104,0.29091,0.17457,0.13942,2.38582,5.723,5.881,Northern/Eastern Europe,9.4,0.8,"$6,300.45",1.32,0.12,0.91,2.57,0.08,5.09,1.52,0.3,1.71,0.02,0.09,3.64,-1.45,2.94,1.4,6
Belgium,2016,Western Europe,18,6.929,NA,1.42539,1.05249,0.81959,0.51354,0.26248,0.2424,2.61355,6.861,6.997,European Union,11.06,0.89,"$48,053.30",1.15,0.48,0.99,4.43,0.12,7.44,0.56,0.03,0.28,0.04,0.27,1.19,-6.25,4.3,6.27,6
Belize,2016,Latin America and Caribbean,52,5.956,NA,0.87616,0.68655,0.45569,0.51231,0.10771,0.23684,3.08039,5.71,6.202,NA,NA,NA,NA,NA,NA,NA,NA,NA,NA,NA,NA,NA,NA,NA,NA,NA,NA,NA,NA
Benin,2016,Sub-Saharan Africa,153,3.484,NA,0.39499,0.10419,0.21028,0.39747,0.06681,0.2018,2.10812,3.404,3.564,Africa,10.05,0.48,$746.83,0.49,0.04,0.26,0.51,0.08,1.41,0.44,0.04,0.34,0.02,0.04,0.88,-0.53,0.81,1.61,6
Bhutan,2016,Southern Asia,84,5.196,NA,0.8527,0.90836,0.49759,0.46074,0.1616,0.48546,1.82916,5.138,5.254,Asia-Pacific,0.74,0.59,"$2,395.00",0.5,0.42,3.03,0.63,0.02,4.84,0.28,0.34,4.38,0.01,0.25,5.27,0.43,2.8,0.92,3B
Bolivia,2016,Latin America and Caribbean,59,5.822,NA,0.79422,0.83779,0.4697,0.50961,0.07746,0.21698,2.91635,5.74,5.904,Latin America,10.5,0.65,"$2,253.09",0.37,1.69,0.17,0.67,0.01,2.96,0.59,2.18,13.86,0.05,0.06,16.73,13.77,1.71,0.18,5
Bosnia and Herzegovina,2016,Central and Eastern Europe,87,5.163,NA,0.93383,0.64367,0.70766,0.09511,0,0.29889,2.48406,5.063,5.263,Northern/Eastern Europe,3.83,0.73,"$4,708.85",0.63,0.27,0.44,1.74,0.02,3.12,0.3,0.19,1.13,0,0.02,1.63,-1.49,1.8,1.91,5
Botswana,2016,Sub-Saharan Africa,137,3.974,NA,1.09426,0.89186,0.34752,0.44089,0.10769,0.12425,0.96741,3.875,4.073,Africa,2,0.69,"$7,743.50",0.3,0.89,0.24,2.36,0.01,3.83,0.06,2.49,0.63,0.27,0.02,3.47,-0.35,2.21,1.1,3B
Brazil,2016,Latin America and Caribbean,17,6.952,NA,1.08754,1.03938,0.61415,0.40425,0.14166,0.15776,3.50733,6.875,7.029,Latin America,198.66,0.75,"$13,237.60",0.62,0.85,0.6,0.91,0.04,3.11,1,1,6.82,0.17,0.09,9.08,5.97,1.8,0.34,5
Bulgaria,2016,Central and Eastern Europe,129,4.217,NA,1.11306,0.92542,0.67806,0.21219,0.00615,0.12793,1.15377,4.104,4.33,European Union,7.28,0.78,"$7,615.28",0.6,0.13,0.35,2.08,0.03,3.32,1.33,0.08,1.2,0.12,0.13,2.86,-0.46,1.92,1.16,5
Burkina Faso,2016,Sub-Saharan Africa,145,3.739,NA,0.31995,0.63054,0.21297,0.3337,0.12533,0.24353,1.87319,3.647,3.831,Africa,16.46,0.39,$671.07,0.47,0.17,0.36,0.12,0.03,1.21,0.5,0.17,0.25,0,0.05,0.98,-0.22,0.7,1.23,5
Burundi,2016,Sub-Saharan Africa,157,2.905,NA,0.06831,0.23442,0.15747,0.0432,0.09419,0.2029,2.10404,2.732,3.078,Africa,9.85,0.39,$276.69,0.21,0.07,0.45,0.04,0,0.8,0.2,0.07,0.01,0.01,0.03,0.32,-0.48,0.46,2.48,4
Cambodia,2016,Southeastern Asia,140,3.907,NA,0.55604,0.5375,0.42494,0.58852,0.08092,0.40339,1.31573,3.798,4.016,Asia-Pacific,14.86,0.55,$877.64,NA,NA,NA,NA,NA,1.21,NA,NA,NA,NA,NA,1.09,-0.11,0.7,1.11,3T
Cameroon,2016,Sub-Saharan Africa,114,4.513,NA,0.52497,0.62542,0.12698,0.42736,0.06126,0.2268,2.5198,4.417,4.609,Africa,21.7,0.5,"$1,271.21",0.54,0.1,0.21,0.19,0.08,1.17,0.55,0.1,0.92,0.08,0.05,1.69,0.52,0.68,0.69,6
Canada,2016,North America,6,7.404,NA,1.44015,1.0961,0.8276,0.5737,0.31329,0.44834,2.70485,7.335,7.473,North America,34.84,0.91,"$52,145.40",1.46,0.33,1.2,5,0.12,8.17,3.11,0.29,9.12,3.41,0.07,16.01,7.83,4.72,0.51,5
Chad,2016,Sub-Saharan Africa,144,3.763,NA,0.42214,0.63178,0.03824,0.12807,0.04952,0.18667,2.30637,3.672,3.854,Africa,12.45,0.39,"$1,161.22",0.36,0.75,0.27,0.01,0.01,1.46,0.35,1.15,0.41,0.07,0.05,2.03,0.57,0.84,0.72,6
Chile,2016,Latin America and Caribbean,24,6.705,NA,1.2167,0.90587,0.81883,0.37789,0.11451,0.31595,2.95505,6.615,6.795,Latin America,17.46,0.83,"$14,525.80",0.61,0.33,0.99,2.04,0.25,4.36,0.47,0.45,2.19,0.38,0.15,3.63,-0.73,2.52,1.2,6
China,2016,Eastern Asia,83,5.245,NA,1.0278,0.79381,0.73561,0.44012,0.02745,0.04959,2.17087,5.199,5.291,Asia-Pacific,1408.04,0.72,"$5,560.94",0.55,0.13,0.19,2.32,0.08,3.38,0.46,0.1,0.22,0.04,0.12,0.94,-2.44,1.95,3.59,6
Colombia,2016,Latin America and Caribbean,31,6.481,NA,1.03032,1.02169,0.59659,0.44735,0.05399,0.15626,3.17471,6.384,6.578,Latin America,47.7,0.72,"$7,305.22",0.35,0.58,0.16,0.67,0.03,1.87,0.22,1.13,2.09,0.07,0.09,3.6,1.72,1.08,0.52,6
Comoros,2016,Sub-Saharan Africa,138,3.956,NA,0.27509,0.60323,0.29981,0.15412,0.18437,0.1827,2.25632,3.86,4.052,Africa,0.72,0.5,$860.24,0.33,0.03,0.18,0.25,0.25,1.03,0.23,0.01,0.02,0.07,0,0.32,-0.7,0.59,3.17,3B
Congo (Brazzaville),2016,Sub-Saharan Africa,127,4.236,NA,0.77109,0.47799,0.28212,0.37938,0.09753,0.12077,2.10681,4.107,4.365,NA,NA,NA,NA,NA,NA,NA,NA,NA,NA,NA,NA,NA,NA,NA,NA,NA,NA,NA,NA
Congo (Kinshasa),2016,Sub-Saharan Africa,125,4.272,NA,0.05661,0.80676,0.188,0.15602,0.06075,0.25458,2.74924,4.191,4.353,NA,NA,NA,NA,NA,NA,NA,NA,NA,NA,NA,NA,NA,NA,NA,NA,NA,NA,NA,NA
Costa Rica,2016,Latin America and Caribbean,14,7.087,NA,1.06879,1.02152,0.76146,0.55225,0.10547,0.22553,3.35168,6.999,7.175,Latin America,4.8,0.76,"$8,979.96",0.4,0.21,0.68,1.37,0.08,2.84,0.38,0.3,0.63,0.12,0.1,1.53,-1.31,1.64,1.86,5
Croatia,2016,Central and Eastern Europe,74,5.488,NA,1.18649,0.60809,0.70524,0.23907,0.04002,0.18434,2.52462,5.402,5.574,Northern/Eastern Europe,4.31,0.82,"$14,522.80",0.74,0.13,0.72,2.21,0.06,3.92,0.68,0.19,1.55,0.33,0.06,2.8,-1.12,2.27,1.4,6
Cyprus,2016,Western Europe,69,5.546,NA,1.31857,0.70697,0.8488,0.29507,0.05228,0.27906,2.04497,5.442,5.65,European Union,1.13,0.85,"$31,454.70",0.77,0.08,0.23,2.94,0.14,4.21,0.18,0,0.06,0.06,0.05,0.34,-3.87,2.43,12.35,5
Czech Republic,2016,Central and Eastern Europe,27,6.596,NA,1.30915,1.00793,0.76376,0.41418,0.03986,0.09929,2.96211,6.515,6.677,European Union,10.66,0.87,"$21,676.30",0.62,0.24,0.74,3.42,0.03,5.19,0.94,0.07,1.31,0,0.13,2.46,-2.73,3,2.11,5
Denmark,2016,Western Europe,1,7.526,NA,1.44178,1.16374,0.79504,0.57941,0.44453,0.36171,2.73939,7.46,7.592,European Union,5.6,0.92,"$61,413.60",1.18,0.47,0.77,2.6,0.24,5.51,2.38,0.01,0.34,1.8,0.25,4.78,-0.73,3.18,1.15,5
Dominican Republic,2016,Latin America and Caribbean,89,5.155,NA,1.02787,0.99496,0.57669,0.52259,0.12372,0.21286,1.69626,5.037,5.273,Latin America,10.28,0.71,"$6,085.89",0.35,0.12,0.12,0.86,0.04,1.53,0.22,0.11,0.16,0.02,0.05,0.56,-0.97,0.88,2.74,6
Ecuador,2016,Latin America and Caribbean,51,5.976,NA,0.97306,0.85974,0.68613,0.4027,0.18037,0.10074,2.77366,5.88,6.072,Latin America,15.49,0.73,"$5,192.88",0.3,0.3,0.24,1.08,0.18,2.17,0.32,0.3,1.41,0.11,0.06,2.2,0.03,1.25,0.99,5
Egypt,2016,Middle East and Northern Africa,120,4.362,NA,0.95395,0.49813,0.52116,0.18847,0.10393,0.12706,1.96895,4.259,4.465,Africa,80.72,0.69,"$2,930.33",0.68,0.08,0.17,1.02,0.04,2.15,0.38,0,0,0.02,0.15,0.56,-1.59,1.24,3.86,5
El Salvador,2016,Latin America and Caribbean,46,6.068,NA,0.8737,0.80975,0.596,0.37269,0.10613,0.08877,3.22134,5.967,6.169,Latin America,6.3,0.66,"$3,696.33",0.44,0.21,0.4,0.84,0.14,2.07,0.27,0.15,0.04,0.11,0.05,0.61,-1.46,1.2,3.37,5
Estonia,2016,Central and Eastern Europe,72,5.517,NA,1.2796400000000001,1.05163,0.68098,0.41511,0.18519,0.08423,1.81985,5.437,5.597,European Union,1.29,0.85,"$17,304.40",NA,NA,NA,NA,NA,6.86,NA,NA,NA,NA,NA,10.53,3.67,3.96,0.65,3T
Ethiopia,2016,Sub-Saharan Africa,115,4.508,NA,0.29283,0.37932,0.34578,0.36703,0.1717,0.29522,2.65614,4.425,4.591,Africa,91.73,0.43,$379.38,0.31,0.12,0.46,0.07,0,1.02,0.31,0.12,0.05,0.04,0.06,0.58,-0.44,0.59,1.75,6
Finland,2016,Western Europe,5,7.413,NA,1.40598,1.13464,0.81091,0.57104,0.41004,0.25492,2.82596,7.351,7.475,European Union,5.41,0.88,"$50,960.20",NA,NA,NA,NA,NA,5.87,NA,NA,NA,NA,NA,13.44,7.57,3.39,0.44,3T
France,2016,Western Europe,32,6.478,NA,1.39488,1.00508,0.83795,0.46562,0.17808,0.1216,2.4744,6.397,6.559,European Union,63.98,0.89,"$45,430.30",1.23,0.27,0.53,2.71,0.19,5.14,1.67,0.16,0.96,0.11,0.21,3.11,-2.04,2.97,1.66,6
Gabon,2016,Sub-Saharan Africa,134,4.121,NA,1.15851,0.72368,0.3494,0.28098,0.09314,0.06244,1.45332,4.03,4.212,Africa,1.63,0.67,"$11,989.00",0.53,0.13,0.79,0.43,0.11,2.02,0.25,3.6,19.5,2.93,0.03,26.31,24.29,1.16,0.08,3L
Georgia,2016,Central and Eastern Europe,126,4.252,NA,0.83792,0.19249,0.64035,0.32461,0.3188,0.06786,1.87031,4.164,4.34,Middle East/Central Asia,4.36,0.75,"$3,710.70",0.39,0.2,0.1,0.83,0.02,1.58,0.12,0.36,0.61,0.05,0.04,1.17,-0.41,0.91,1.35,3B
Germany,2016,Western Europe,16,6.994,NA,1.44787,1.09774,0.81487,0.53466,0.28551,0.30452,2.50931,6.93,7.058,European Union,82.8,0.91,"$46,822.40",1.1,0.14,0.48,3.28,0.05,5.3,1.23,0.06,0.68,0.07,0.24,2.27,-3.02,3.06,2.33,5
Ghana,2016,Sub-Saharan Africa,124,4.276,NA,0.63107,0.49353,0.29681,0.40973,0.0326,0.21203,2.2002,4.185,4.367,Africa,25.37,0.57,"$1,627.90",0.56,0.07,0.65,0.43,0.19,1.97,0.67,0.26,0.29,0.06,0.07,1.35,-0.62,1.14,1.46,6
Greece,2016,Western Europe,99,5.033,NA,1.24886,0.75473,0.80029,0.05822,0.04127,0,2.1294400000000002,4.935,5.131,European Union,11.12,0.86,"$25,987.40",1.07,0.35,0.24,2.58,0.08,4.38,1.01,0.14,0.23,0.17,0.06,1.61,-2.77,2.53,2.73,5
Guatemala,2016,Latin America and Caribbean,39,6.324,NA,0.83454,0.87119,0.54039,0.50379,0.08701,0.28808,3.19863,6.213,6.435,Latin America,15.08,0.62,"$3,233.80",0.37,0.16,0.58,0.7,0.01,1.89,0.38,0.15,0.34,0.05,0.07,0.99,-0.9,1.09,1.91,5
Guinea,2016,Sub-Saharan Africa,151,3.607,NA,0.22415,0.3109,0.18829,0.30953,0.1192,0.29914,2.15604,3.533,3.681,Africa,11.45,0.41,$459.09,0.39,0.32,0.45,0.16,0.05,1.41,0.35,0.75,0.64,0.3,0.04,2.09,0.68,0.81,0.67,5
Haiti,2016,Latin America and Caribbean,136,4.028,NA,0.34097,0.29561,0.27494,0.12072,0.14476,0.47958,2.37116,3.893,4.163,Latin America,10.17,0.48,$749.13,0.27,0.04,0.1,0.15,0.01,0.61,0.18,0.03,0.01,0.01,0.03,0.27,-0.34,0.35,2.28,6
Honduras,2016,Latin America and Caribbean,104,4.871,NA,0.69429,0.75596,0.58383,0.26755,0.06906,0.2044,2.29551,4.75,4.992,Latin America,7.94,0.61,"$2,269.51",0.28,0.25,0.5,0.6,0,1.68,0.33,0.26,0.89,0.23,0.06,1.77,0.09,0.97,0.95,3B
Hong Kong,2016,Eastern Asia,75,5.458,NA,1.5107,0.87021,0.95277,0.48079,0.31647,0.40097,0.92614,5.362,5.554,NA,NA,NA,NA,NA,NA,NA,NA,NA,NA,NA,NA,NA,NA,NA,NA,NA,NA,NA,NA
Hungary,2016,Central and Eastern Europe,91,5.145,NA,1.24142,0.93164,0.67608,0.1977,0.04472,0.099,1.95473,5.056,5.234,European Union,9.98,0.82,"$13,964.20",0.42,0.08,0.36,1.9,0.02,2.92,1.28,0.06,0.69,0,0.13,2.17,-0.75,1.69,1.34,5
Iceland,2016,Western Europe,3,7.501,NA,1.42666,1.18326,0.86733,0.56624,0.14975,0.47678,2.83137,7.333,7.669,NA,NA,NA,NA,NA,NA,NA,NA,NA,NA,NA,NA,NA,NA,NA,NA,NA,NA,NA,NA
India,2016,Southern Asia,118,4.404,NA,0.74036,0.29247,0.45091,0.40285,0.08722,0.25028,2.18032,4.351,4.457,Asia-Pacific,1236.69,0.6,"$1,513.85",0.34,0.01,0.14,0.61,0.02,1.16,0.35,0,0.02,0.03,0.05,0.45,-0.71,0.67,2.55,6
Indonesia,2016,Southeastern Asia,79,5.314,NA,0.95104,0.87625,0.49374,0.39237,0.00322,0.56521,2.03171,5.237,5.391,Asia-Pacific,246.86,0.68,"$3,688.53",0.44,0.03,0.2,0.64,0.21,1.58,0.46,0.06,0.3,0.38,0.06,1.26,-0.32,0.91,1.25,6
Iran,2016,Middle East and Northern Africa,105,4.813,NA,1.11758,0.38857,0.64232,0.22544,0.0557,0.38538,1.99817,4.703,4.923,NA,NA,NA,NA,NA,NA,NA,NA,NA,NA,NA,NA,NA,NA,NA,NA,NA,NA,NA,NA
Iraq,2016,Middle East and Northern Africa,112,4.575,NA,1.07474,0.59205,0.51076,0.24856,0.13636,0.19589,1.81657,4.446,4.704,Middle East/Central Asia,32.78,0.65,"$5,848.54",0.43,0.03,0.01,1.36,0.01,1.88,0.18,0.02,0.05,0,0.04,0.29,-1.59,1.09,6.58,3B
Ireland,2016,Western Europe,19,6.907,NA,1.48341,1.16157,0.81455,0.54008,0.29754,0.44963,2.15988,6.836,6.978,European Union,4.58,0.91,"$52,853.60",1.08,0.49,0.46,3.22,0.18,5.57,0.84,0.76,0.5,1.49,0.13,3.73,-1.83,3.21,1.49,5
Israel,2016,Middle East and Northern Africa,11,7.267,NA,1.33766,0.99537,0.84917,0.36432,0.08728,0.32288,3.31029,7.199,7.335,Middle East/Central Asia,7.64,0.89,"$33,718.90",0.89,0.22,0.36,4.59,0.07,6.22,0.22,0.01,0.03,0.02,0.08,0.35,-5.87,3.59,17.59,6
Italy,2016,Western Europe,50,5.977,NA,1.35495,1.04167,0.85102,0.18827,0.02556,0.16684,2.34918,5.898,6.056,European Union,60.92,0.87,"$38,412.00",0.91,0.32,0.42,2.77,0.12,4.61,0.58,0.04,0.33,0.06,0.06,1.08,-3.53,2.66,4.28,6
Ivory Coast,2016,Sub-Saharan Africa,139,3.916,NA,0.55507,0.57576,0.04476,0.40663,0.1553,0.20338,1.97478,3.826,4.006,NA,NA,NA,NA,NA,NA,NA,NA,NA,NA,NA,NA,NA,NA,NA,NA,NA,NA,NA,NA
Jamaica,2016,Latin America and Caribbean,73,5.51,NA,0.89333,0.96372,0.59469,0.43597,0.04294,0.22245,2.35682,5.315,5.705,Latin America,2.77,0.72,"$5,226.30",0.41,0.09,0.18,1.09,0.07,1.89,0.16,0,0.1,0.11,0.05,0.43,-1.46,1.09,4.39,3B
Japan,2016,Eastern Asia,53,5.921,NA,1.38007,1.06054,0.91491,0.46761,0.18985,0.10224,1.80584,5.85,5.992,Asia-Pacific,127.25,0.89,"$46,201.60",0.53,0.1,0.27,3.69,0.33,5.02,0.16,0,0.35,0.1,0.1,0.72,-4.3,2.9,7.01,6
Jordan,2016,Middle East and Northern Africa,80,5.303,NA,0.99673,0.86216,0.60712,0.36023,0.13297,0.14262,2.20142,5.187,5.419,Middle East/Central Asia,7.01,0.75,"$4,615.17",0.54,0.18,0.17,1.09,0.03,2.1,0.09,0.02,0.03,0,0.07,0.21,-1.89,1.21,9.91,5
Kazakhstan,2016,Central and Eastern Europe,54,5.919,NA,1.22943,0.95544,0.57386,0.4052,0.11132,0.15011,2.49325,5.837,6.001,Middle East/Central Asia,16.27,0.78,"$11,278.00",0.58,0.19,0.12,4.59,0.03,5.55,1.14,1.93,0.24,0.06,0.03,3.41,-2.14,3.2,1.63,3L
Kenya,2016,Sub-Saharan Africa,122,4.356,NA,0.52267,0.7624,0.30147,0.40576,0.06686,0.41328,1.88326,4.259,4.453,Africa,43.18,0.54,"$1,062.11",0.25,0.23,0.27,0.2,0.05,1.03,0.2,0.24,0.02,0.02,0.04,0.51,-0.52,0.6,2.02,5
Kosovo,2016,Central and Eastern Europe,77,5.401,NA,0.90145,0.66062,0.54,0.14396,0.06547,0.27992,2.80998,5.308,5.494,NA,NA,NA,NA,NA,NA,NA,NA,NA,NA,NA,NA,NA,NA,NA,NA,NA,NA,NA,NA
Kuwait,2016,Middle East and Northern Africa,41,6.239,NA,1.61714,0.87758,0.63569,0.43166,0.23669,0.15965,2.28085,6.154,6.324,Middle East/Central Asia,3.25,0.82,"$41,830.50",0.55,0.24,0.21,6.89,0.09,8.13,0.02,0.01,0,0.37,0.15,0.55,-7.58,4.7,14.68,3L
Kyrgyzstan,2016,Central and Eastern Europe,85,5.185,NA,0.56044,0.95434,0.55449,0.40212,0.04762,0.38432,2.28136,5.103,5.267,Middle East/Central Asia,5.47,0.65,"$1,116.37",0.59,0.18,0.09,0.95,0.01,1.91,0.47,0.63,0.06,0.05,0.08,1.3,-0.61,1.1,1.47,3B
Laos,2016,Southeastern Asia,102,4.876,NA,0.68042,0.5497,0.38291,0.52168,0.22423,0.43079,2.08637,4.742,5.01,NA,NA,NA,NA,NA,NA,NA,NA,NA,NA,NA,NA,NA,NA,NA,NA,NA,NA,NA,NA
Latvia,2016,Central and Eastern Europe,68,5.56,NA,1.21788,0.95025,0.63952,0.27996,0.0889,0.17445,2.20859,5.486,5.634,European Union,2.06,0.81,"$13,732.00",2.28,0.09,2.02,1.66,0.11,6.29,3.1,0.31,4.08,1.93,0.13,9.55,3.26,3.63,0.66,5
Lebanon,2016,Middle East and Northern Africa,93,5.129,NA,1.12268,0.64184,0.76171,0.26228,0.03061,0.23693,2.07339,5.031,5.227,Middle East/Central Asia,4.65,0.76,"$9,143.86",0.67,0.3,0.25,2.52,0.05,3.84,0.16,0.04,0.06,0.01,0.06,0.33,-3.51,2.22,11.7,6
Liberia,2016,Sub-Saharan Africa,150,3.622,NA,0.10706,0.50353,0.23165,0.25748,0.04852,0.24063,2.23284,3.463,3.781,Africa,4.19,0.42,$397.38,0.23,0.03,0.75,0.14,0.03,1.21,0.15,0.61,1.45,0.32,0.03,2.57,1.35,0.7,0.47,3B
Libya,2016,Middle East and Northern Africa,67,5.615,NA,1.06688,0.95076,0.52304,0.40672,0.10339,0.17087,2.39374,5.406,5.824,NA,NA,NA,NA,NA,NA,NA,NA,NA,NA,NA,NA,NA,NA,NA,NA,NA,NA,NA,NA
Lithuania,2016,Central and Eastern Europe,60,5.813,NA,1.2692,1.06411,0.64674,0.18929,0.0182,0.02025,2.60525,5.734,5.892,European Union,3.03,0.83,"$14,373.70",1.89,0.21,1.28,2.15,0.16,5.83,3.03,0.11,2.09,0.3,0.15,5.67,-0.17,3.37,1.03,5
Luxembourg,2016,Western Europe,20,6.871,NA,1.69752,1.03999,0.84542,0.5487,0.35329,0.27571,2.11055,6.804,6.938,European Union,0.52,0.89,"$114,665.00",1.1,0.76,1.03,12.65,0.13,15.82,0.57,0.08,0.89,0,0.14,1.68,-14.14,9.14,9.44,5
Macedonia,2016,Central and Eastern Europe,95,5.121,NA,1.0193,0.78236000000000006,0.64738,0.27668,0.07047,0.23507,2.08947,5.017,5.225,NA,NA,NA,NA,NA,NA,NA,NA,NA,NA,NA,NA,NA,NA,NA,NA,NA,NA,NA,NA
Madagascar,2016,Sub-Saharan Africa,148,3.695,NA,0.27954,0.46115,0.37109,0.13684,0.07506,0.2204,2.15075,3.621,3.769,Africa,22.29,0.51,$456.33,0.27,0.34,0.24,0.07,0.02,0.99,0.26,1.3,0.8,0.21,0.06,2.63,1.64,0.57,0.38,6
Malawi,2016,Sub-Saharan Africa,132,4.156,NA,0.08709,0.147,0.29364,0.4143,0.07564,0.30968,2.82859,4.041,4.271,Africa,15.91,0.43,$493.84,0.43,0.05,0.2,0.07,0.01,0.81,0.45,0.07,0.02,0.06,0.05,0.66,-0.15,0.47,1.22,5
Malaysia,2016,Southeastern Asia,47,6.005,NA,1.25142,0.88025,0.62366,0.39031,0.09081,0.41474,2.35384,5.921,6.089,Asia-Pacific,29.24,0.77,"$10,252.60",0.67,0.12,0.38,2.1,0.36,3.71,0.75,0.01,0.73,0.84,0.07,2.41,-1.3,2.14,1.54,3B
Mali,2016,Sub-Saharan Africa,135,4.073,NA,0.31292,0.86333,0.16347,0.27544,0.13647,0.21064,2.11087,3.988,4.158,Africa,14.85,0.41,$741.22,0.52,0.66,0.17,0.1,0.03,1.53,0.51,0.71,0.25,0.05,0.06,1.58,0.05,0.88,0.97,6
Malta,2016,Western Europe,30,6.488,NA,1.30782,1.09879,0.80315,0.54994,0.17554,0.56237,1.99032,6.409,6.567,NA,NA,NA,NA,NA,NA,NA,NA,NA,NA,NA,NA,NA,NA,NA,NA,NA,NA,NA,NA
Mauritania,2016,Sub-Saharan Africa,130,4.201,NA,0.61391,0.84142,0.28639,0.1268,0.17955,0.22686,1.9263,4.127,4.275,Africa,3.8,0.5,"$1,524.39",0.39,1.2,0.21,0.55,0.15,2.54,0.1,2.91,0.05,1.38,0.04,4.48,1.93,1.47,0.57,3B
Mauritius,2016,Sub-Saharan Africa,66,5.648,NA,1.14372,0.75695,0.66189,0.46145,0.05203,0.36951,2.20223,5.507,5.789,Africa,1.24,0.77,"$8,811.15",0.52,0.22,0.18,1.99,0.55,3.46,0.14,0,0.01,0.56,0,0.71,-2.75,2,4.89,5
Mexico,2016,Latin America and Caribbean,21,6.778,NA,1.11508,0.7146,0.71143,0.37709,0.18355,0.11735,3.55906,6.68,6.876,Latin America,120.85,0.75,"$10,123.90",0.55,0.24,0.25,1.74,0.06,2.89,0.37,0.24,0.47,0.14,0.05,1.27,-1.62,1.67,2.27,5
Moldova,2016,Central and Eastern Europe,55,5.897,NA,0.69177,0.83132,0.52309,0.25202,0.01903,0.19997,3.38007,5.823,5.971,Northern/Eastern Europe,3.51,0.68,"$1,971.03",0.43,0.08,0.15,1.03,0.06,1.78,0.59,0.07,0.1,0.01,0.03,0.8,-0.98,1.03,2.23,5
Mongolia,2016,Eastern Asia,101,4.907,NA,0.98853,1.08983,0.55469,0.35972,0.03285,0.34539,1.53586,4.838,4.976,Asia-Pacific,2.8,0.71,"$3,736.07",0.29,3.47,0.17,2.09,0,6.08,0.21,8.23,7.03,0.14,0.05,15.66,9.58,3.51,0.39,3B
Montenegro,2016,Central and Eastern Europe,88,5.161,NA,1.07838,0.74173,0.63533,0.15111,0.12721,0.17191,2.25531,5.055,5.267,Northern/Eastern Europe,0.62,0.8,"$7,251.60",0.64,0.33,0.62,2.13,0.05,3.78,0.14,0.22,2.63,0.24,0.01,3.24,-0.54,2.19,1.17,5
Morocco,2016,Middle East and Northern Africa,90,5.151,NA,0.84058,0.38595,0.59471,0.25646,0.08404,0.04053,2.94891,5.058,5.244,Africa,32.52,0.62,"$3,149.43",0.6,0.17,0.14,0.67,0.06,1.68,0.34,0.17,0.1,0.07,0.03,0.71,-0.96,0.97,2.35,5
Myanmar,2016,Southeastern Asia,119,4.395,NA,0.34112,0.69981,0.3988,0.42692,0.20243,0.81971,1.50655,4.327,4.463,Asia-Pacific,52.8,0.53,"$1,117.58",0.8,0.01,0.32,0.09,0.1,1.43,0.88,0,0.56,0.28,0.11,1.84,0.41,0.83,0.78,6
Namibia,2016,Sub-Saharan Africa,113,4.574,NA,0.93287,0.70362,0.34745,0.48614,0.10398,0.07795,1.92198,4.374,4.774,Africa,2.26,0.62,"$5,880.80",0.33,0.23,0.17,1.02,0.72,2.48,0.14,1.6,0.36,4.76,0.02,6.88,4.4,1.43,0.36,3L
Nepal,2016,Southern Asia,107,4.793,NA,0.44626,0.69699,0.50073,0.37012,0.07008,0.3816,2.32694,4.698,4.888,Asia-Pacific,27.47,0.54,$700.07,0.43,0.07,0.21,0.16,0,0.98,0.37,0.05,0.06,0.01,0.11,0.59,-0.38,0.56,1.65,6
Netherlands,2016,Western Europe,7,7.339,NA,1.46468,1.02912,0.81231,0.55211,0.29927,0.47416,2.70749,7.284,7.394,European Union,16.71,0.92,"$53,589.90",0.76,0.58,0.38,3.23,0.16,5.28,0.45,0.04,0.08,0.43,0.17,1.17,-4.11,3.05,4.53,6
New Zealand,2016,Australia and New Zealand,8,7.334,NA,1.36066,1.17278,0.83096,0.58147,0.41904,0.49401,2.47553,7.264,7.404,Asia-Pacific,4.46,0.91,"$37,488.30",0.63,0.23,1.08,2.84,0.7,5.6,0.51,2.7,5.95,0.86,0.13,10.14,4.54,3.23,0.55,3B
Nicaragua,2016,Latin America and Caribbean,48,5.992,NA,0.69384,0.89521,0.65213,0.46582,0.16292,0.29773,2.82428,5.877,6.107,Latin America,5.99,0.63,"$1,626.85",0.34,0.12,0.42,0.45,0.03,1.39,0.4,0.58,0.74,0.49,0.05,2.25,0.87,0.8,0.62,5
Niger,2016,Sub-Saharan Africa,142,3.856,NA,0.1327,0.6053,0.26162,0.38041,0.17176,0.2097,2.09469,3.781,3.931,Africa,17.16,0.34,$410.91,0.67,0.48,0.26,0.1,0.02,1.56,0.65,0.51,0.05,0,0.03,1.24,-0.32,0.9,1.26,5
Nigeria,2016,Sub-Saharan Africa,103,4.875,NA,0.75216,0.64498,0.05108,0.27854,0.0305,0.23219,2.88586,4.75,5,Africa,168.83,0.5,"$2,612.12",0.53,0.1,0.19,0.21,0.08,1.16,0.5,0.12,0.02,0.02,0.05,0.7,-0.47,0.67,1.67,5
North Cyprus,2016,Western Europe,62,5.771,NA,1.31141,0.81826,0.84142,0.43596,0.16578,0.26322,1.93447,5.67,5.872,NA,NA,NA,NA,NA,NA,NA,NA,NA,NA,NA,NA,NA,NA,NA,NA,NA,NA,NA,NA
Norway,2016,Western Europe,4,7.498,NA,1.57744,1.1269,0.79579,0.59609,0.35776,0.37895,2.66465,7.421,7.575,Northern/Eastern Europe,4.99,0.94,"$100,172.00",NA,NA,NA,NA,NA,4.98,NA,NA,NA,NA,NA,8.18,3.19,2.88,0.61,4
Pakistan,2016,Southern Asia,92,5.132,NA,0.68816,0.26135,0.40306,0.14622,0.1388,0.31185,3.18286,5.038,5.226,Asia-Pacific,179.16,0.53,"$1,218.60",0.27,0.01,0.08,0.38,0.02,0.79,0.26,0,0.01,0.04,0.03,0.35,-0.44,0.46,2.28,6
Palestinian Territories,2016,Middle East and Northern Africa,108,4.754,NA,0.67024,0.71629,0.56844,0.17744,0.10613,0.11154,2.40364,4.649,4.859,NA,NA,NA,NA,NA,NA,NA,NA,NA,NA,NA,NA,NA,NA,NA,NA,NA,NA,NA,NA
Panama,2016,Latin America and Caribbean,25,6.701,NA,1.18306,0.98912,0.70835,0.48927,0.08423,0.2418,3.00559,6.601,6.801,Latin America,3.8,0.77,"$8,410.77",0.36,0.4,0.19,1.44,0.37,2.79,0.14,0.43,1.74,0.6,0.02,2.94,0.15,1.61,0.95,3B
Paraguay,2016,Latin America and Caribbean,70,5.538,NA,0.89373,1.11111,0.58295,0.46235,0.07396,0.25296,2.16091,5.453,5.623,Latin America,6.69,0.67,"$3,557.31",1.11,1.1,0.83,0.97,0.01,4.16,2.51,2.28,5.54,0.05,0.14,10.52,6.36,2.4,0.4,3B
Peru,2016,Latin America and Caribbean,64,5.743,NA,0.99602,0.81255,0.62994000000000006,0.37502,0.05292,0.14527,2.73117,5.647,5.839,Latin America,29.99,0.73,"$5,684.73",0.5,0.51,0.19,0.67,0.33,2.28,0.36,0.51,2.82,0.2,0.07,3.97,1.69,1.32,0.57,6
Philippines,2016,Southeastern Asia,82,5.279,NA,0.81217,0.87877,0.47036,0.54854,0.11757,0.21674,2.23484,5.16,5.398,Asia-Pacific,96.71,0.66,"$2,379.44",0.36,0.03,0.09,0.34,0.23,1.1,0.32,0.02,0.09,0.07,0.05,0.54,-0.56,0.64,2.03,5
Poland,2016,Central and Eastern Europe,57,5.835,NA,1.24585,1.04685,0.69058,0.4519,0.055,0.14443,2.20035,5.749,5.921,European Union,38.21,0.84,"$13,769.50",0.84,0.04,0.78,2.64,0.05,4.44,1.05,0.07,0.77,0.11,0.09,2.08,-2.36,2.57,2.14,6
Portugal,2016,Western Europe,94,5.123,NA,1.27607,0.94367,0.79363,0.44727,0.01521,0.11691,1.53015,5.03,5.216,European Union,10.6,0.83,"$23,217.30",1.03,0.25,0.09,2.15,0.31,3.88,0.47,0.06,0.85,0.07,0.05,1.51,-2.37,2.24,2.57,5
Puerto Rico,2016,Latin America and Caribbean,15,7.039,NA,1.35943,1.08113,0.77758,0.46823,0.12275,0.22202,3.0076,6.794,7.284,NA,NA,NA,NA,NA,NA,NA,NA,NA,NA,NA,NA,NA,NA,NA,NA,NA,NA,NA,NA
Qatar,2016,Middle East and Northern Africa,36,6.375,NA,1.82427,0.87964,0.71723,0.56679,0.48049,0.32388,1.58224,6.178,6.572,Middle East/Central Asia,2.05,0.85,"$99,431.50",0.57,0.27,0.15,9.57,0.19,10.8,0.01,0,0,1.17,0.06,1.24,-9.56,6.24,8.72,3L
Romania,2016,Central and Eastern Europe,71,5.528,NA,1.1697,0.72803,0.67602,0.36712,0.00679,0.12889,2.45184,5.427,5.629,European Union,21.76,0.79,"$9,213.94",0.72,0.05,0.33,1.46,0.03,2.71,0.87,0.11,1.14,0.08,0.12,2.32,-0.39,1.56,1.17,5
Russia,2016,Central and Eastern Europe,56,5.856,NA,1.23228,1.05261,0.58991,0.32682,0.03586,0.02736,2.59115,5.789,5.923,NA,NA,NA,NA,NA,NA,NA,NA,NA,NA,NA,NA,NA,NA,NA,NA,NA,NA,NA,NA
Rwanda,2016,Sub-Saharan Africa,152,3.515,NA,0.32846,0.61586,0.31865,0.5432,0.50521,0.23552,0.96819,3.444,3.586,Africa,11.46,0.48,$628.08,0.43,0.05,0.25,0.07,0.01,0.87,0.42,0.05,0.01,0.01,0.05,0.54,-0.32,0.5,1.6,5
Saudi Arabia,2016,Middle East and Northern Africa,34,6.379,NA,1.48953,0.84829,0.59267,0.37904,0.30008,0.15457,2.61482,6.287,6.471,Middle East/Central Asia,28.29,0.83,"$23,593.80",0.74,0.27,0.27,4.21,0.08,5.61,0.09,0.12,0.07,0.18,0.04,0.5,-5.12,3.24,11.28,3L
Senegal,2016,Sub-Saharan Africa,128,4.219,NA,0.44314,0.77416,0.40457,0.31056,0.11681,0.19103,1.97861,4.151,4.287,Africa,13.73,0.46,"$1,079.27",0.34,0.21,0.21,0.3,0.12,1.21,0.21,0.17,0.46,0.17,0.02,1.05,-0.16,0.7,1.16,5
Serbia,2016,Central and Eastern Europe,86,5.177,NA,1.03437,0.81329,0.6458,0.15718,0.04339,0.20737,2.27539,5.083,5.271,Northern/Eastern Europe,9.55,0.76,"$6,426.18",0.49,0.02,0.46,1.66,0.02,2.7,0.73,0.02,0.46,0,0.04,1.25,-1.44,1.56,2.15,5
Sierra Leone,2016,Sub-Saharan Africa,111,4.635,NA,0.36485,0.628,0,0.30685,0.08196,0.23897,3.01402,4.505,4.765,Africa,5.98,0.4,$499.89,0.47,0.11,0.38,0.07,0.15,1.24,0.42,0.35,0.19,0.22,0.05,1.24,0,0.71,1,6
Singapore,2016,Southeastern Asia,22,6.739,NA,1.64555,0.86758,0.94719,0.4877,0.46987,0.32706,1.99375,6.674,6.804,Asia-Pacific,5.3,0.91,"$53,122.40",0.67,0.24,0.91,5.91,0.22,7.97,0,0,0,0.01,0.03,0.05,-7.92,4.61,159.47,5
Slovakia,2016,Central and Eastern Europe,45,6.078,NA,1.27973,1.08268,0.70367,0.23391,0.02947,0.13837,2.61065,5.996,6.16,European Union,5.45,0.84,"$18,103.10",0.31,0.08,0.72,2.82,0.03,4.06,0.71,0.06,1.85,0,0.09,2.71,-1.35,2.35,1.5,5
Slovenia,2016,Central and Eastern Europe,63,5.768,NA,1.29947,1.05613,0.79151,0.53164,0.03635,0.25738,1.79522,5.683,5.853,European Union,2.07,0.88,"$25,040.50",0.64,0.17,0.65,4.27,0.05,5.81,0.37,0.07,1.87,0,0.04,2.35,-3.47,3.36,2.48,6
Somalia,2016,Sub-Saharan Africa,76,5.44,NA,0,0.33613,0.11466,0.56778,0.3118,0.27225,3.83772,5.321,5.559,Africa,10.2,NA,NA,0.16,0.43,0.52,0.07,0.01,1.24,0.09,0.56,0.22,0.33,0.06,1.27,0.03,0.71,0.98,5
Somaliland Region,2016,Sub-Saharan Africa,97,5.057,NA,0.25558,0.75862,0.33108,0.3913,0.36794,0.51479,2.43801,4.934,5.18,NA,NA,NA,NA,NA,NA,NA,NA,NA,NA,NA,NA,NA,NA,NA,NA,NA,NA,NA,NA
South Africa,2016,Sub-Saharan Africa,116,4.459,NA,1.02416,0.96053,0.18611,0.42483,0.08415,0.13656,1.64227,4.371,4.547,Africa,52.39,0.66,"$8,089.87",0.44,0.11,0.29,2.34,0.08,3.31,0.35,0.58,0.02,0.17,0.04,1.15,-2.16,1.91,2.87,5
South Korea,2016,Eastern Asia,57,5.835,NA,1.35948,0.72194,0.88645,0.25168,0.07716,0.18824,2.35015,5.747,5.923,NA,NA,NA,NA,NA,NA,NA,NA,NA,NA,NA,NA,NA,NA,NA,NA,NA,NA,NA,NA
South Sudan,2016,Sub-Saharan Africa,143,3.832,NA,0.39394,0.18519,0.15781,0.19662,0.13015,0.25899,2.50929,3.596,4.068,NA,NA,NA,NA,NA,NA,NA,NA,NA,NA,NA,NA,NA,NA,NA,NA,NA,NA,NA,NA
Spain,2016,Western Europe,37,6.361,NA,1.34253,1.12945,0.87896,0.37545,0.06137,0.17665,2.39663,6.288,6.434,European Union,46.76,0.87,"$32,008.70",0.78,0.15,0.17,2.22,0.32,3.67,0.72,0.1,0.34,0.06,0.04,1.25,-2.42,2.12,2.94,6
Sri Lanka,2016,Southern Asia,117,4.415,NA,0.97318,0.84783,0.62007,0.50817,0.07964,0.46978,0.91681,4.322,4.508,Asia-Pacific,21.1,0.75,"$2,880.03",0.31,0.01,0.16,0.52,0.27,1.32,0.26,0.02,0.04,0.07,0.05,0.44,-0.88,0.77,3.01,6
Sudan,2016,Sub-Saharan Africa,133,4.139,NA,0.63069,0.81928,0.29759,0,0.10039,0.18077,2.10995,3.928,4.35,NA,NA,NA,NA,NA,NA,NA,NA,NA,NA,NA,NA,NA,NA,NA,NA,NA,NA,NA,NA
Suriname,2016,Latin America and Caribbean,40,6.269,NA,1.09686,0.77866,0.50933,0.52234,0.12692,0.16665,3.06852,6.073,6.465,Latin America,0.54,0.71,"$8,190.70",0.43,0.06,0.52,3.01,0.14,4.25,0.3,0.03,81.52,7.39,0.09,89.33,85.08,2.46,0.05,3L
Sweden,2016,Western Europe,10,7.291,NA,1.45181,1.08764,0.83121,0.58218,0.40867,0.38254,2.54734,7.227,7.355,European Union,9.51,0.9,"$59,381.90",1.47,0.27,1.3,3.88,0.09,7.25,1.31,0.22,6.66,2.19,0.24,10.62,3.38,4.19,0.68,5
Switzerland,2016,Western Europe,2,7.509,NA,1.52733,1.14524,0.86303,0.58557,0.41203,0.28083,2.69463,7.428,7.59,Northern/Eastern Europe,8,0.93,"$88,506.20",0.75,0.22,0.38,4.26,0.07,5.79,0.32,0.12,0.74,0.01,0.12,1.3,-4.48,3.34,4.44,6
Syria,2016,Middle East and Northern Africa,156,3.069,NA,0.74719,0.14866,0.62994000000000006,0.06912,0.17233,0.48397,0.81789,2.936,3.202,NA,NA,NA,NA,NA,NA,NA,NA,NA,NA,NA,NA,NA,NA,NA,NA,NA,NA,NA,NA
Taiwan,2016,Eastern Asia,34,6.379,NA,1.39729,0.92624,0.79565,0.32377,0.0663,0.25495,2.61523,6.305,6.453,NA,NA,NA,NA,NA,NA,NA,NA,NA,NA,NA,NA,NA,NA,NA,NA,NA,NA,NA,NA
Tajikistan,2016,Central and Eastern Europe,100,4.996,NA,0.48835,0.75602,0.53119,0.43408,0.13509,0.25998,2.39106,4.923,5.069,Middle East/Central Asia,8.01,0.62,$836.17,0.46,0.14,0.1,0.13,0,0.91,0.29,0.14,0.01,0.01,0.08,0.53,-0.38,0.52,1.71,5
Tanzania,2016,Sub-Saharan Africa,149,3.666,NA,0.47155,0.77623,0.357,0.3176,0.05099,0.31472,1.37769,3.561,3.771,NA,NA,NA,NA,NA,NA,NA,NA,NA,NA,NA,NA,NA,NA,NA,NA,NA,NA,NA,NA
Thailand,2016,Southeastern Asia,33,6.474,NA,1.0893,1.04477,0.64915,0.49553,0.02833,0.58696,2.5796,6.396,6.552,Asia-Pacific,66.78,0.72,"$5,479.29",0.67,0.02,0.24,1.54,0.13,2.66,0.77,0.01,0.2,0.19,0.07,1.24,-1.42,1.54,2.14,6
Togo,2016,Sub-Saharan Africa,155,3.303,NA,0.28123,0,0.24811,0.34678,0.11587,0.17517,2.1354,3.192,3.414,Africa,6.64,0.47,$580.86,0.34,0.1,0.27,0.31,0.08,1.13,0.34,0.12,0.03,0.02,0.02,0.53,-0.6,0.65,2.13,6
Trinidad and Tobago,2016,Latin America and Caribbean,43,6.168,NA,1.32572,0.98569,0.52608,0.48453,0.01241,0.31935,2.51394,5.95,6.386,Latin America,1.34,0.77,"$18,310.80",0.46,0.19,0.27,6.89,0.11,7.92,0.04,0.01,0.15,1.37,0,1.56,-6.36,4.57,5.07,3B
Tunisia,2016,Middle East and Northern Africa,98,5.045,NA,0.97724,0.43165,0.59577,0.23553,0.0817,0.03936,2.68413,4.965,5.125,Africa,10.88,0.72,"$4,305.07",0.76,0.09,0.28,1.11,0.06,2.34,0.53,0.08,0.05,0.24,0.04,0.93,-1.4,1.35,2.51,5
Turkey,2016,Middle East and Northern Africa,78,5.389,NA,1.16492,0.87717,0.64718,0.23889,0.12348,0.04707,2.29074,5.295,5.483,Middle East/Central Asia,74,0.76,"$10,437.70",0.87,0.12,0.34,1.92,0.04,3.33,0.75,0.09,0.6,0.04,0.04,1.52,-1.81,1.92,2.19,5
Turkmenistan,2016,Central and Eastern Europe,65,5.658,NA,1.08017,1.03817,0.44006,0.37408,0.28467,0.22567,2.21489,5.58,5.736,Middle East/Central Asia,5.17,0.68,"$5,290.14",0.73,0.44,0.08,4.13,0.01,5.47,0.6,1.96,0.02,0.13,0.09,2.79,-2.68,3.16,1.96,6
Uganda,2016,Sub-Saharan Africa,145,3.739,NA,0.34719,0.90981,0.19625,0.43653,0.06442,0.27102,1.51416,3.629,3.849,Africa,36.35,0.48,$601.35,0.34,0.15,0.54,0.08,0.11,1.24,0.35,0.15,0.01,0.04,0.04,0.59,-0.66,0.72,2.12,6
Ukraine,2016,Central and Eastern Europe,123,4.324,NA,0.87287,1.01413,0.58628,0.12859,0.01829,0.20363,1.50066,4.236,4.412,Northern/Eastern Europe,45.53,0.74,"$3,589.63",0.62,0.01,0.16,1.92,0.06,2.84,1.5,0.12,0.43,0.15,0.07,2.27,-0.58,1.64,1.25,5
United Arab Emirates,2016,Middle East and Northern Africa,28,6.573,NA,1.57352,0.87114,0.72993,0.56215,0.35561,0.26591,2.21507,6.494,6.652,Middle East/Central Asia,9.206,0.83,"$40,817.40",0.8,0.19,0.38,6.37,0.19,7.93,0.02,0,0.07,0.47,0,0.56,-7.37,4.58,14.1607142857143,6
United Kingdom,2016,Western Europe,23,6.725,NA,1.40283,1.08672,0.80991,0.50036,0.27399,0.50156,2.14999,6.647,6.803,European Union,63.03,0.9,"$40,980.50",0.82,0.28,0.45,3.14,0.08,4.94,0.6,0.12,0.12,0.3,0.18,1.32,-3.62,2.85,3.76,6
United States,2016,North America,13,7.104,NA,1.50796,1.04782,0.779,0.48163,0.14868,0.41077,2.72782,7.02,7.188,NA,NA,NA,NA,NA,NA,NA,NA,NA,NA,NA,NA,NA,NA,NA,NA,NA,NA,NA,NA
Uruguay,2016,Latin America and Caribbean,29,6.545,NA,1.18157,1.03143,0.72183,0.54388,0.21394,0.18056,2.67139,6.456,6.634,Latin America,3.4,0.79,"$14,238.10",0.19,0.98,0.55,0.98,0.05,2.91,1.89,4.86,1.22,2.18,0.17,10.32,7.41,1.68,0.28,3B
Uzbekistan,2016,Central and Eastern Europe,49,5.987,NA,0.73591,1.1681,0.50163,0.60848,0.28333,0.34326,2.34638,5.896,6.078,Middle East/Central Asia,28.54,0.67,"$1,560.85",0.62,0.13,0.08,1.41,0,2.32,0.56,0.2,0.06,0.03,0.08,0.92,-1.4,1.34,2.52,6
Venezuela,2016,Latin America and Caribbean,44,6.084,NA,1.13367,1.03302,0.61904,0.19847,0.08304,0.0425,2.97468,5.973,6.195,NA,NA,NA,NA,NA,NA,NA,NA,NA,NA,NA,NA,NA,NA,NA,NA,NA,NA,NA,NA
Vietnam,2016,Southeastern Asia,96,5.061,NA,0.74037,0.79117,0.66157,0.55954,0.11556,0.25075,1.9418,4.991,5.131,NA,NA,NA,NA,NA,NA,NA,NA,NA,NA,NA,NA,NA,NA,NA,NA,NA,NA,NA,NA
Yemen,2016,Middle East and Northern Africa,147,3.724,NA,0.57939,0.47493,0.31048,0.2287,0.05892,0.09821,1.97295,3.621,3.827,Middle East/Central Asia,23.85,0.5,"$1,302.30",0.34,0.14,0.04,0.42,0.04,1.03,0.09,0.12,0.04,0.2,0.04,0.5,-0.53,0.59,2.06,5
Zambia,2016,Sub-Saharan Africa,106,4.795,NA,0.61202,0.6376,0.23573,0.42662,0.11479,0.17866,2.58991,4.645,4.945,Africa,14.08,0.58,"$1,740.64",0.19,0.18,0.33,0.24,0.01,0.99,0.24,0.94,0.99,0.02,0.04,2.23,1.24,0.57,0.44,6
Zimbabwe,2016,Sub-Saharan Africa,131,4.193,NA,0.35041,0.71478,0.1595,0.25429,0.08582,0.18503,2.4427,4.101,4.285,Africa,13.72,0.49,$865.91,0.2,0.32,0.29,0.53,0.01,1.37,0.15,0.32,0.12,0.01,0.02,0.62,-0.75,0.79,2.2,6
